{"cameraMode":{"drawMode":0,"name":"Shaded","section":"Shading Mode"},"sceneLighting":false,"audioPlay":false,"sceneViewState":{"showFog":true,"showMaterialUpdate":false,"showSkybox":false,"showFlares":true,"showImageEffects":true,"showParticleSystems":true},"in2DMode":false,"pivot":{"x":-8.344650268554688e-7,"y":2.9454450607299806,"z":-72.49507141113281},"rotation":{"x":0.0006095505668781698,"y":-0.9747597575187683,"z":0.22341527044773103,"w":0.0023213434033095838},"size":4.442502498626709,"orthographic":false}