{"cameraMode":{"drawMode":0,"name":"Shaded","section":"Shading Mode"},"sceneLighting":false,"audioPlay":false,"sceneViewState":{"showFog":true,"showMaterialUpdate":false,"showSkybox":false,"showFlares":true,"showImageEffects":true,"showParticleSystems":true},"in2DMode":false,"pivot":{"x":-121.29216003417969,"y":1.3602453470230103,"z":112.46366882324219},"rotation":{"x":0.0006095505668781698,"y":-0.9747597575187683,"z":0.22341527044773103,"w":0.0023213434033095838},"size":2.8214690685272219,"orthographic":false}