{"cameraMode":{"drawMode":0,"name":"Shaded","section":"Shading Mode"},"sceneLighting":false,"audioPlay":false,"sceneViewState":{"showFog":true,"showMaterialUpdate":false,"showSkybox":false,"showFlares":true,"showImageEffects":true,"showParticleSystems":true},"in2DMode":false,"pivot":{"x":-122.4414291381836,"y":0.9842368960380554,"z":111.75306701660156},"rotation":{"x":0.0006095505668781698,"y":-0.9747597575187683,"z":0.22341527044773103,"w":0.0023213434033095838},"size":1.468909740447998,"orthographic":false}