{"cameraMode":{"drawMode":0,"name":"Shaded","section":"Shading Mode"},"sceneLighting":false,"audioPlay":false,"sceneViewState":{"showFog":true,"showMaterialUpdate":false,"showSkybox":false,"showFlares":true,"showImageEffects":true,"showParticleSystems":true},"in2DMode":false,"pivot":{"x":-121.36514282226563,"y":0.9220588207244873,"z":112.71879577636719},"rotation":{"x":0.0006095505668781698,"y":-0.9747597575187683,"z":0.22341527044773103,"w":0.0023213434033095838},"size":1.4501861333847047,"orthographic":false}