{"cameraMode":{"drawMode":0,"name":"Shaded","section":"Shading Mode"},"sceneLighting":true,"audioPlay":false,"sceneViewState":{"showFog":true,"showMaterialUpdate":false,"showSkybox":true,"showFlares":true,"showImageEffects":true,"showParticleSystems":true},"in2DMode":false,"pivot":{"x":-141.40545654296876,"y":0.4793415069580078,"z":140.4409637451172},"rotation":{"x":-0.16005656123161317,"y":0.0272377897053957,"z":-0.004418281838297844,"w":-0.9867221117019653},"size":2.619157075881958,"orthographic":false}