{"cameraMode":{"drawMode":0,"name":"Shaded","section":"Shading Mode"},"sceneLighting":false,"audioPlay":false,"sceneViewState":{"showFog":true,"showMaterialUpdate":false,"showSkybox":false,"showFlares":true,"showImageEffects":true,"showParticleSystems":true},"in2DMode":false,"pivot":{"x":20.241182327270509,"y":0.7307801246643066,"z":61.39401626586914},"rotation":{"x":0.14063015580177308,"y":0.15231554210186006,"z":-0.021900879219174386,"w":0.9780336022377014},"size":0.9791044592857361,"orthographic":false}