{"cameraMode":{"drawMode":0,"name":"Shaded","section":"Shading Mode"},"sceneLighting":false,"audioPlay":false,"sceneViewState":{"showFog":true,"showMaterialUpdate":false,"showSkybox":false,"showFlares":true,"showImageEffects":true,"showParticleSystems":true},"in2DMode":false,"pivot":{"x":0.08144649863243103,"y":0.8651983737945557,"z":-0.03482440114021301},"rotation":{"x":-0.0071081300266087059,"y":0.9928457140922546,"z":-0.09440451115369797,"w":-0.07278439402580261},"size":0.6870955228805542,"orthographic":false}